<?xml version="1.0" encoding="UTF-8"?>
<templates>
    <t t-name="FieldColorPicker">

            <span t-if="widget.mode !== 'readonly'">
                <div class="input-group colorpicker-component">
                    <input type="text"
                           t-att-id="widget.id_for_label"
                           t-att-tabindex="widget.attrs.tabindex"
                           t-att-autofocus="widget.attrs.autofocus"
                           t-att-placeholder="widget.attrs.placeholder"
                           t-att-maxlength="widget.field.size"
                           class="colorpickerg form-control"
                            />
                    <span class="input-group-addon"><i></i></span>
                </div>

            </span>
            <span t-if="widget.mode === 'readonly'"/>

    </t>

</templates>

